region,operator,network_or_brand,tariff_or_plan,access_method,charger_category,power_kw_min,power_kw_max,currency,price_per_kwh,under_0_50_gbp_per_kwh,monthly_fee_gbp,connection_or_holding_fee_gbp,overstay_fee,source_url,source_quality,last_checked,notes
Northern Ireland,ESB ecars,ecarNI / ESB ecars,Membership,ecar connect app/RFID,Fast,0,22,GBP,0.462,TRUE,4.99,,"GBP 0.50/min after 45 min on Rapid & High Power, after 10h on Fast; max GBP 22.50",https://esb.ie/what-we-do/ecars/price-plans,high,2026-04-30,"NI prices official; contactless rates stated as same as PAYG. Fast is <22kW on ESB NI wording."
Northern Ireland,ESB ecars,ecarNI / ESB ecars,Membership,ecar connect app/RFID,Rapid,22,100,GBP,0.543,FALSE,4.99,,"GBP 0.50/min after 45 min on Rapid & High Power, after 10h on Fast; max GBP 22.50",https://esb.ie/what-we-do/ecars/price-plans,high,2026-04-30,NI prices official.
Northern Ireland,ESB ecars,ecarNI / ESB ecars,Membership,ecar connect app/RFID,High Power,150,,GBP,0.631,FALSE,4.99,,"GBP 0.50/min after 45 min on Rapid & High Power, after 10h on Fast; max GBP 22.50",https://esb.ie/what-we-do/ecars/price-plans,high,2026-04-30,NI prices official.
Northern Ireland,ESB ecars,ecarNI / ESB ecars,Pay As You Go,app/RFID,Fast,0,22,GBP,0.490,TRUE,,,"GBP 0.50/min after 45 min on Rapid & High Power, after 10h on Fast; max GBP 22.50",https://esb.ie/what-we-do/ecars/price-plans,high,2026-04-30,NI prices official.
Northern Ireland,ESB ecars,ecarNI / ESB ecars,Pay As You Go,app/RFID,Rapid,22,100,GBP,0.577,FALSE,,,"GBP 0.50/min after 45 min on Rapid & High Power, after 10h on Fast; max GBP 22.50",https://esb.ie/what-we-do/ecars/price-plans,high,2026-04-30,NI prices official.
Northern Ireland,ESB ecars,ecarNI / ESB ecars,Pay As You Go,app/RFID,High Power,150,,GBP,0.670,FALSE,,,"GBP 0.50/min after 45 min on Rapid & High Power, after 10h on Fast; max GBP 22.50",https://esb.ie/what-we-do/ecars/price-plans,high,2026-04-30,NI prices official.
Northern Ireland,ESB ecars,ecarNI / ESB ecars,One Time Payment / Contactless,contactless/card,Fast,0,22,GBP,0.490,TRUE,,,"GBP 0.50/min after 45 min on Rapid & High Power, after 10h on Fast; max GBP 22.50",https://esb.ie/what-we-do/ecars/price-plans,high,2026-04-30,Contactless rates stated as same as PAYG.
Northern Ireland,ESB ecars,ecarNI / ESB ecars,One Time Payment / Contactless,contactless/card,Rapid,22,100,GBP,0.577,FALSE,,,"GBP 0.50/min after 45 min on Rapid & High Power, after 10h on Fast; max GBP 22.50",https://esb.ie/what-we-do/ecars/price-plans,high,2026-04-30,Contactless rates stated as same as PAYG.
Northern Ireland,ESB ecars,ecarNI / ESB ecars,One Time Payment / Contactless,contactless/card,High Power,150,,GBP,0.670,FALSE,,,"GBP 0.50/min after 45 min on Rapid & High Power, after 10h on Fast; max GBP 22.50",https://esb.ie/what-we-do/ecars/price-plans,high,2026-04-30,Contactless rates stated as same as PAYG.
Northern Ireland,Weev,Weev,My Weev App,app/fob,AC,7,11,GBP,0.44,TRUE,,GBP 1 pre-authorisation using My Weev App,"GBP 0.50/min after 65 min on Rapid/Ultra Rapid; night-rate overstay after 4h on Rapid/Ultra Rapid",https://weev.ie/our-network/driver-resources/our-tariffs,high,2026-04-30,Official tariff page covers Northern Ireland and Republic of Ireland.
Northern Ireland,Weev,Weev,My Weev App,app/fob,Rapid,24,60,GBP,0.59,FALSE,,GBP 1 pre-authorisation using My Weev App,"GBP 0.50/min after 65 min on Rapid/Ultra Rapid; night-rate overstay after 4h on Rapid/Ultra Rapid",https://weev.ie/our-network/driver-resources/our-tariffs,high,2026-04-30,"Official tariff page; Rapid row notes a GBP 0.04 saving on 24kW."
Northern Ireland,Weev,Weev,My Weev App,app/fob,Ultra Rapid,100,,GBP,0.69,FALSE,,GBP 1 pre-authorisation using My Weev App,"GBP 0.50/min after 65 min on Rapid/Ultra Rapid; night-rate overstay after 4h on Rapid/Ultra Rapid",https://weev.ie/our-network/driver-resources/our-tariffs,high,2026-04-30,Official tariff page.
Northern Ireland,Weev,Weev,Contactless,contactless/card,AC,7,11,GBP,0.49,TRUE,,"GBP 50 contactless holding fee, refunded by bank later","GBP 0.50/min after 65 min on Rapid/Ultra Rapid; night-rate overstay after 4h on Rapid/Ultra Rapid",https://weev.ie/our-network/driver-resources/our-tariffs,high,2026-04-30,Official tariff page.
Northern Ireland,Weev,Weev,Contactless,contactless/card,Rapid,24,60,GBP,0.64,FALSE,,"GBP 50 contactless holding fee, refunded by bank later","GBP 0.50/min after 65 min on Rapid/Ultra Rapid; night-rate overstay after 4h on Rapid/Ultra Rapid",https://weev.ie/our-network/driver-resources/our-tariffs,high,2026-04-30,Official tariff page.
Northern Ireland,Weev,Weev,Contactless,contactless/card,Ultra Rapid,100,,GBP,0.74,FALSE,,"GBP 50 contactless holding fee, refunded by bank later","GBP 0.50/min after 65 min on Rapid/Ultra Rapid; night-rate overstay after 4h on Rapid/Ultra Rapid",https://weev.ie/our-network/driver-resources/our-tariffs,high,2026-04-30,Official tariff page.
United Kingdom incl. Northern Ireland where available,InstaVolt,InstaVolt,Standard,all drivers,Rapid/Ultra Rapid,,,GBP,0.70,FALSE,,,,https://instavolt.co.uk/news/new-off-peak-55p-kwh/,medium,2026-04-30,"UK-wide published rate; verify exact NI site coverage in app/Zapmap."
United Kingdom incl. Northern Ireland where available,InstaVolt,InstaVolt,App daytime,InstaVolt app,Rapid/Ultra Rapid,,,GBP,0.65,FALSE,,,,https://instavolt.co.uk/news/new-off-peak-55p-kwh/,medium,2026-04-30,"App-user daytime rate; UK-wide; verify exact NI site coverage."
United Kingdom incl. Northern Ireland where available,InstaVolt,InstaVolt,App off-peak 20:00-07:00,InstaVolt app,Rapid/Ultra Rapid,,,GBP,0.55,FALSE,,,,https://instavolt.co.uk/news/new-off-peak-55p-kwh/,medium,2026-04-30,"App-user off-peak rate between 8pm and 7am; UK-wide; verify exact NI site coverage."
United Kingdom incl. Northern Ireland where available,IONITY,IONITY,Power monthly,IONITY app subscription,High Power / Ultra Rapid,,,GBP,0.46,TRUE,10.50,,,https://www.ionity.eu/subscriptions,high,2026-04-30,"Official UK subscription table; also lists annual fee GBP 104.99 or discounted GBP 86.99/year."
United Kingdom incl. Northern Ireland where available,IONITY,IONITY,Motion monthly,IONITY app subscription,High Power / Ultra Rapid,,,GBP,0.58,FALSE,5.49,,,https://www.ionity.eu/subscriptions,high,2026-04-30,"Official UK subscription table; also lists annual fee GBP 54.99 or discounted GBP 45.99/year."
United Kingdom incl. Northern Ireland where available,IONITY,IONITY,Go,IONITY app no monthly subscription,High Power / Ultra Rapid,,,GBP,0.77,FALSE,,,,https://www.ionity.eu/subscriptions,high,2026-04-30,Official UK country pricing table.
United Kingdom incl. Northern Ireland where available,IONITY,IONITY,Direct,QR/contactless/direct,High Power / Ultra Rapid,,,GBP,0.81,FALSE,,,,https://www.ionity.eu/subscriptions,high,2026-04-30,Official UK country pricing table.
United Kingdom incl. Northern Ireland where available,bp pulse,bp pulse,Subscriber / lower app rate,bp pulse subscription/app,Fast AC,7,7,GBP,0.52,FALSE,,,,https://www.bppulse.com/en-gb/public-ev-charging/pricing,medium,2026-04-30,"Official pricing search result; page fetch blocked but snippet lists Fast AC 7kW GBP 0.52 / GBP 0.65 columns. Verify in app before relying."
United Kingdom incl. Northern Ireland where available,bp pulse,bp pulse,PAYG / guest/contactless,bp pulse app/contactless/guest,Fast AC,7,7,GBP,0.65,FALSE,,,,https://www.bppulse.com/en-gb/public-ev-charging/pricing,medium,2026-04-30,"Official pricing search result; contactless may not be available on 7kW. Verify in app."
United Kingdom incl. Northern Ireland where available,bp pulse,bp pulse,Subscriber / lower app rate,bp pulse subscription/app,Rapid AC43/DC50,43,50,GBP,0.69,FALSE,,,,https://www.bppulse.com/en-gb/public-ev-charging/pricing,medium,2026-04-30,"Official pricing search result lists Rapid AC43/DC50 GBP 0.69 / GBP 0.89 columns. Verify in app."
United Kingdom incl. Northern Ireland where available,bp pulse,bp pulse,PAYG / guest/contactless,bp pulse app/contactless/guest,Rapid AC43/DC50,43,50,GBP,0.89,FALSE,,,,https://www.bppulse.com/en-gb/public-ev-charging/pricing,medium,2026-04-30,"Official pricing search result; a BP Pulse NI site was visible on Zapmap in Craigavon. Verify in app."
United Kingdom incl. Northern Ireland where available,bp pulse,bp pulse,Subscriber / lower app rate,bp pulse subscription/app,Ultrafast DC150+,150,,GBP,0.69,FALSE,,,,https://www.bppulse.com/en-gb/public-ev-charging/pricing,medium,2026-04-30,"Official pricing search result lists Ultrafast DC150+ GBP 0.69 / GBP 0.89 columns. Verify in app."
United Kingdom incl. Northern Ireland where available,bp pulse,bp pulse,PAYG / guest/contactless,bp pulse app/contactless/guest,Ultrafast DC150+,150,,GBP,0.89,FALSE,,,,https://www.bppulse.com/en-gb/public-ev-charging/pricing,medium,2026-04-30,"Official pricing search result; a BP Pulse NI site was visible on Zapmap in Craigavon. Verify in app."
United Kingdom incl. Northern Ireland where available,Osprey,Osprey Charging,App rate,Osprey app,Rapid/Ultra Rapid,,,GBP,0.82,FALSE,,,No connection fees,https://www.ospreycharging.co.uk/pricing-and-payment,high,2026-04-30,Official Osprey UK pricing; verify NI site coverage.
United Kingdom incl. Northern Ireland where available,Osprey,Osprey Charging,Contactless rate,contactless/card,Rapid/Ultra Rapid,,,GBP,0.87,FALSE,,,No connection fees,https://www.ospreycharging.co.uk/pricing-and-payment,high,2026-04-30,Official Osprey UK pricing; verify NI site coverage.
United Kingdom incl. Northern Ireland where available,Applegreen Electric,Applegreen Electric,Displayed on charger,app/contactless,Ultra Rapid up to 350kW,,350,GBP,,UNKNOWN,,pre-authorisation fee displayed at charger,,https://www.applegreenelectric.com/contact,medium,2026-04-30,"No public fixed UK/NI kWh price found. Applegreen says price/kWh is displayed on charger, no membership/subscription cost, prices can change at short notice."
Northern Ireland,ESB ecars,ecarNI / ESB ecars,Site-level Zapmap example: Templepatrick Services M2 North,various,Fast,0,22,GBP,0.49,TRUE,,0.25 connection fee,"GBP 8 overstay fee after 45 min rapid/ultra; after 10h fast",https://www.zapmap.com/charge-points/newtownabbey/5t0agmr,medium,2026-04-30,"Zapmap site-level example updated 2026-04-27; useful for cross-checking ESB PAYG/site prices."
Northern Ireland,ESB ecars,ecarNI / ESB ecars,Site-level Zapmap example: Templepatrick Services M2 North,various,Rapid,22,100,GBP,0.57,FALSE,,0.25 connection fee,"GBP 8 overstay fee after 45 min rapid/ultra; after 10h fast",https://www.zapmap.com/charge-points/newtownabbey/5t0agmr,medium,2026-04-30,"Zapmap site-level example rounds rapid price to 57p/kWh; official ESB PAYG table says GBP 0.577/kWh."
Northern Ireland,ESB ecars,ecarNI / ESB ecars,Site-level Zapmap example: Templepatrick Services M2 North,various,Ultra-Rapid,150,,GBP,0.67,FALSE,,0.25 connection fee,"GBP 8 overstay fee after 45 min rapid/ultra; after 10h fast",https://www.zapmap.com/charge-points/newtownabbey/5t0agmr,medium,2026-04-30,"Zapmap site-level example; official ESB PAYG high power table says GBP 0.670/kWh."
Ireland / UK reference,Operator list only,Irish EV Association app/operator list,Reference row,n/a,n/a,,,GBP,,UNKNOWN,,,,https://www.irishevassociation.ie/charging-apps,low,2026-04-30,"Reference row: Irish EV Association lists apps/operators relevant across Ireland/UK/NI, but it does not publish tariffs here. Useful for deciding which networks to verify."
